,Time,Posts(num),posts positive rate,posts negative rate,posts neutral rate,US covid-19 New Cases,Global covid-19 New Cases
0,2020-03,181,0.5966850828729282,0.11602209944751381,0.287292817679558,173235,748059
1,2020-04,334,0.5149700598802395,0.10778443113772455,0.3772455089820359,856161,2313745
2,2020-05,245,0.5183673469387755,0.12653061224489795,0.3551020408163265,756578,2896112
3,2020-06,197,0.5329949238578681,0.116751269035533,0.350253807106599,820214,4285155
4,2020-07,172,0.5406976744186046,0.0755813953488372,0.38372093023255816,1883014,7046657
5,2020-08,188,0.5319148936170213,0.1276595744680851,0.3404255319148936,1524956,8312083
6,2020-09,184,0.5652173913043478,0.11956521739130435,0.31521739130434784,1202102,8720743
7,2020-10,207,0.6183574879227053,0.07246376811594203,0.30917874396135264,1816173,12408194
8,2020-11,212,0.6367924528301887,0.13679245283018868,0.22641509433962265,4375472,17073932
9,2020-12,228,0.5964912280701754,0.10087719298245613,0.3026315789473684,6171889,19067884
10,2021-01,316,0.620253164556962,0.11708860759493671,0.2626582278481013,6287105,19783341
11,2021-02,246,0.5447154471544715,0.14227642276422764,0.3130081300813008,2465880,11043495
12,2021-03,155,0.6193548387096774,0.15483870967741936,0.22580645161290322,1777211,14434040
13,2021-04,199,0.6231155778894473,0.135678391959799,0.24120603015075376,1832807,22018348
14,2021-05,225,0.5511111111111111,0.17333333333333334,0.27555555555555555,981357,20199037
15,2021-06,213,0.5727699530516432,0.14084507042253522,0.2863849765258216,386175,11432862
16,2021-07,237,0.5021097046413502,0.15611814345991562,0.34177215189873417,1374729,15803113
17,2021-08,263,0.5285171102661597,0.20152091254752852,0.26996197718631176,4122589,19803981
18,2021-09,285,0.48771929824561405,0.1368421052631579,0.37543859649122807,4179781,16136174
19,2021-10,312,0.5641025641025641,0.16666666666666666,0.2692307692307692,2660392,13362811
20,2021-11,313,0.5718849840255591,0.1597444089456869,0.268370607028754,2440689,15407508
21,2021-12,261,0.6130268199233716,0.14942528735632185,0.23754789272030652,5455059,24685580
22,2022-01,342,0.6286549707602339,0.14035087719298245,0.2309941520467836,20378558,89545681
23,2022-02,250,0.608,0.172,0.22,4368746,58641342
24,2022-03,320,0.603125,0.146875,0.25,1020742,50434596
25,2022-04,95,0.6105263157894737,0.12631578947368421,0.2631578947368421,694990,19345332
